[
  {
    "model": "airport.airport",
    "pk": 1,
    "fields": {
      "name": "JFK International",
      "closest_big_city": "New York"
    }
  },
  {
    "model": "airport.airport",
    "pk": 2,
    "fields": {
      "name": "LAX International",
      "closest_big_city": "Los Angeles"
    }
  },
  {
    "model": "airport.airport",
    "pk": 3,
    "fields": {
      "name": "Heathrow",
      "closest_big_city": "London"
    }
  },
  {
    "model": "airport.airport",
    "pk": 4,
    "fields": {
      "name": "Charles de Gaulle",
      "closest_big_city": "Paris"
    }
  },
  {
    "model": "airport.airport",
    "pk": 5,
    "fields": {
      "name": "Tokyo Haneda",
      "closest_big_city": "Tokyo"
    }
  },

  {
    "model": "airport.route",
    "pk": 1,
    "fields": {
      "source": 1,
      "destination": 3,
      "distance": 3450
    }
  },
  {
    "model": "airport.route",
    "pk": 2,
    "fields": {
      "source": 2,
      "destination": 3,
      "distance": 3000
    }
  },
  {
    "model": "airport.route",
    "pk": 3,
    "fields": {
      "source": 4,
      "destination": 5,
      "distance": 6000
    }
  },
  {
    "model": "airport.route",
    "pk": 4,
    "fields": {
      "source": 1,
      "destination": 5,
      "distance": 6750
    }
  },

  {
    "model": "airport.crew",
    "pk": 1,
    "fields": {
      "first_name": "Alice",
      "last_name": "Johnson"
    }
  },
  {
    "model": "airport.crew",
    "pk": 2,
    "fields": {
      "first_name": "Bob",
      "last_name": "Williams"
    }
  },
  {
    "model": "airport.crew",
    "pk": 3,
    "fields": {
      "first_name": "Charlie",
      "last_name": "Brown"
    }
  },
  {
    "model": "airport.crew",
    "pk": 4,
    "fields": {
      "first_name": "Diana",
      "last_name": "Evans"
    }
  },
  {
    "model": "airport.crew",
    "pk": 5,
    "fields": {
      "first_name": "Ethan",
      "last_name": "Martinez"
    }
  },
  {
    "model": "airport.crew",
    "pk": 6,
    "fields": {
      "first_name": "Fiona",
      "last_name": "Clark"
    }
  },

  {
    "model": "airport.airplanetype",
    "pk": 1,
    "fields": {
      "name": "Airbus A320"
    }
  },
  {
    "model": "airport.airplanetype",
    "pk": 2,
    "fields": {
      "name": "Boeing 737"
    }
  },
  {
    "model": "airport.airplanetype",
    "pk": 3,
    "fields": {
      "name": "Boeing 777"
    }
  },

  {
    "model": "airport.airplane",
    "pk": 1,
    "fields": {
      "name": "Airbus A320-200",
      "rows": 28,
      "seats_in_row": 6,
      "airplane_type": 1
    }
  },
  {
    "model": "airport.airplane",
    "pk": 2,
    "fields": {
      "name": "Boeing 737-800",
      "rows": 30,
      "seats_in_row": 6,
      "airplane_type": 2
    }
  },
  {
    "model": "airport.airplane",
    "pk": 3,
    "fields": {
      "name": "Boeing 777-300",
      "rows": 40,
      "seats_in_row": 9,
      "airplane_type": 3
    }
  },
  {
    "model": "airport.airplane",
    "pk": 4,
    "fields": {
      "name": "Airbus A320-210",
      "rows": 28,
      "seats_in_row": 6,
      "airplane_type": 1
    }
  },
  {
    "model": "airport.airplane",
    "pk": 5,
    "fields": {
      "name": "Boeing 737-900",
      "rows": 32,
      "seats_in_row": 6,
      "airplane_type": 2
    }
  },

  {
    "model": "airport.flight",
    "pk": 1,
    "fields": {
      "route": 1,
      "airplane": 1,
      "departure_time": "2025-09-17T10:00:00Z",
      "arrival_time": "2025-09-17T17:00:00Z",
      "crew": [1, 2]
    }
  },
  {
    "model": "airport.flight",
    "pk": 2,
    "fields": {
      "route": 2,
      "airplane": 2,
      "departure_time": "2025-09-18T12:00:00Z",
      "arrival_time": "2025-09-18T18:00:00Z",
      "crew": [2, 3]
    }
  },
  {
    "model": "airport.flight",
    "pk": 3,
    "fields": {
      "route": 3,
      "airplane": 3,
      "departure_time": "2025-09-19T14:00:00Z",
      "arrival_time": "2025-09-19T22:00:00Z",
      "crew": [4, 5]
    }
  },
  {
    "model": "airport.flight",
    "pk": 4,
    "fields": {
      "route": 4,
      "airplane": 3,
      "departure_time": "2025-09-20T08:00:00Z",
      "arrival_time": "2025-09-20T18:00:00Z",
      "crew": [5, 6]
    }
  },
  {
    "model": "airport.flight",
    "pk": 5,
    "fields": {
      "route": 1,
      "airplane": 4,
      "departure_time": "2025-09-21T09:00:00Z",
      "arrival_time": "2025-09-21T16:00:00Z",
      "crew": [1, 4]
    }
  },
  {
    "model": "airport.flight",
    "pk": 6,
    "fields": {
      "route": 2,
      "airplane": 5,
      "departure_time": "2025-09-22T11:00:00Z",
      "arrival_time": "2025-09-22T17:00:00Z",
      "crew": [2, 6]
    }
  },

  {
    "model": "user.user",
    "pk": 1,
    "fields": {
      "email": "testuser1@example.com",
      "password": "pbkdf2_sha256$260000$u5P0KW8PvT2y$8CK6FIPxE/TQXt9O8+b7sYVBGqwrXOXzDdIskLsPk0g=",
      "is_staff": false,
      "is_superuser": false,
      "is_active": true,
      "date_joined": "2025-01-01T00:00:00Z"
    }
  },
  {
    "model": "user.user",
    "pk": 2,
    "fields": {
      "email": "testuser2@example.com",
      "password": "pbkdf2_sha256$260000$u5P0KW8PvT2y$8CK6FIPxE/TQXt9O8+b7sYVBGqwrXOXzDdIskLsPk0g=",
      "is_staff": false,
      "is_superuser": false,
      "is_active": true,
      "date_joined": "2025-01-02T00:00:00Z"
    }
  },
  {
    "model": "user.user",
    "pk": 3,
    "fields": {
      "email": "admin@example.com",
      "password": "pbkdf2_sha256$260000$u5P0KW8PvT2y$8CK6FIPxE/TQXt9O8+b7sYVBGqwrXOXzDdIskLsPk0g=",
      "is_staff": true,
      "is_superuser": true,
      "is_active": true,
      "date_joined": "2025-01-03T00:00:00Z"
    }
  },

  {
    "model": "airport.order",
    "pk": 1,
    "fields": {
      "created_at": "2025-09-10T09:00:00Z",
      "user": 1
    }
  },
  {
    "model": "airport.order",
    "pk": 2,
    "fields": {
      "created_at": "2025-09-11T10:00:00Z",
      "user": 1
    }
  },
  {
    "model": "airport.order",
    "pk": 3,
    "fields": {
      "created_at": "2025-09-12T11:00:00Z",
      "user": 2
    }
  },
  {
    "model": "airport.order",
    "pk": 4,
    "fields": {
      "created_at": "2025-09-13T12:00:00Z",
      "user": 2
    }
  },
  {
    "model": "airport.order",
    "pk": 5,
    "fields": {
      "created_at": "2025-09-14T13:00:00Z",
      "user": 3
    }
  },

  {
    "model": "airport.ticket",
    "pk": 1,
    "fields": {
      "row": 10,
      "seat": 4,
      "flight": 1,
      "order": 1
    }
  },
  {
    "model": "airport.ticket",
    "pk": 2,
    "fields": {
      "row": 15,
      "seat": 3,
      "flight": 2,
      "order": 1
    }
  },
  {
    "model": "airport.ticket",
    "pk": 3,
    "fields": {
      "row": 12,
      "seat": 5,
      "flight": 3,
      "order": 2
    }
  },
  {
    "model": "airport.ticket",
    "pk": 4,
    "fields": {
      "row": 20,
      "seat": 6,
      "flight": 4,
      "order": 3
    }
  },
  {
    "model": "airport.ticket",
    "pk": 5,
    "fields": {
      "row": 18,
      "seat": 1,
      "flight": 5,
      "order": 3
    }
  },
  {
    "model": "airport.ticket",
    "pk": 6,
    "fields": {
      "row": 25,
      "seat": 2,
      "flight": 6,
      "order": 4
    }
  },
  {
    "model": "airport.ticket",
    "pk": 7,
    "fields": {
      "row": 16,
      "seat": 4,
      "flight": 1,
      "order": 5
    }
  },
  {
    "model": "airport.ticket",
    "pk": 8,
    "fields": {
      "row": 14,
      "seat": 5,
      "flight": 2,
      "order": 5
    }
  },
  {
    "model": "airport.ticket",
    "pk": 9,
    "fields": {
      "row": 22,
      "seat": 3,
      "flight": 3,
      "order": 5
    }
  },
  {
    "model": "airport.ticket",
    "pk": 10,
    "fields": {
      "row": 11,
      "seat": 6,
      "flight": 4,
      "order": 5
    }
  }
]
